# index,idx,pollinator,pol_ge_sp,plant_ge,plant_sp, _pos
0,53,1,ACHILIDAE1 (Ach. : Hem. ),,,"array([-0.56541095, -2.76309565])"
1,1,0,,Acer,rufinerve,"array([-0.1164353 , -2.07462624])"
2,2,0,,Adenocaulon,himalaicum,"array([-0.12344886, -2.43315122])"
3,3,0,,Aesculus,turbinata,"array([-0.14942567, -2.65879824])"
4,4,0,,Agrimonia,pilosa,"array([-0.1462946 , -2.48239974])"
5,5,0,,Ainsliaea,acerifolia,"array([-7.54234738e-04, -2.66868852e+00])"
6,6,0,,Alangium,platanifolium,"array([ 0.03495243, -2.6418573 ])"
7,7,0,,Ampelopsis,brevipedunculata,"array([-0.53708806, -2.77527824])"
8,8,0,,Anemone,flaccida,"array([-0.54934182, -2.24129265])"
9,9,0,,Angelica,polymorpha,"array([-0.13564362, -2.71222942])"
10,10,0,,Angelica,pubescens,"array([-0.16885434, -2.73391629])"
11,11,0,,Antenoron,filiforme,"array([-0.40330812, -2.48248537])"
12,12,0,,Anthriscus,aemula,"array([-0.39090413, -2.13981384])"
13,13,0,,Aruncus,dioicus,"array([-0.31695778, -2.64825271])"
14,14,0,,Aster,glehni,"array([-0.24329204, -2.55863643])"
15,15,0,,Astilbe,thunbergii,"array([-0.11014363, -2.69273383])"
16,16,0,,Aucuba,japonica,"array([ 0.12837886, -2.31807678])"
17,17,0,,Benthamida,kousa,"array([ 0.99287404, -1.94262328])"
18,18,0,,Bistorta,tenuicaulis,"array([-0.28546129, -2.35407034])"
19,19,0,,Cacalia,delphiniifolia,"array([-0.03900793, -2.67799588])"
20,20,0,,Cardiandra,alternifolia,"array([-0.33552319, -2.59445954])"
21,21,0,,Carpesium,divaricatum,"array([ 0.02053138, -3.04012147])"
22,22,0,,Castanea,crenata,"array([-0.16500442, -2.52169447])"
23,23,0,,Cirsium,japonicum,"array([ 0.04879674, -2.61075735])"
24,24,0,,Cirsium,kagamontanum,"array([-0.09585551, -2.54323175])"
25,25,0,,Clinopodium,micranthum,"array([-0.06499054, -2.70458121])"
26,26,0,,Commelina,communis,"array([-0.10920935, -2.73281232])"
27,27,0,,Corydalis,lineariloba,"array([-0.18226986, -2.38830296])"
28,28,0,,Corydalis,pallida,"array([-0.26024958, -2.44594526])"
29,29,0,,Cryptotaenia,japonica,"array([ 0.09140141, -1.089606  ])"
30,30,0,,Desmodium,podocarpum,"array([ 0.19335693, -2.40931569])"
31,31,0,,Deutzia,crenata,"array([-0.33280717, -2.51690708])"
32,32,0,,Disporum,sessile,"array([ 0.01159777, -2.69443567])"
33,33,0,,Epimedium,grandiflorum,"array([-0.27336939, -2.29544762])"
34,34,0,,Euonymus,alatus,"array([-0.51546393, -2.43974064])"
35,35,0,,Euonymus,sieboldianus,"array([-0.25362873, -2.39090786])"
36,36,0,,Geranium,nepalense,"array([-0.22974461, -2.5906251 ])"
37,37,0,,Geum,japonicum,"array([-0.28925645, -2.58475328])"
38,38,0,,Hovenia,tomentella,"array([-0.01222444, -2.60625059])"
39,39,0,,Hydrangea,hirta,"array([-0.49056522, -2.33187807])"
40,40,0,,Hydrangea,macrophylla,"array([-0.40025748, -2.66074327])"
41,41,0,,Hydrangea,paniculata,"array([-0.31597762, -2.75406202])"
42,42,0,,Impatiens,noli-tangere,"array([ 0.00422495, -2.63905916])"
43,43,0,,Impatiens,textori,"array([-0.05790381, -2.60627269])"
44,44,0,,Ixeris,dentata,"array([-0.35864766, -2.55487214])"
45,45,0,,Kalimeris,yomena,"array([-0.23360978, -2.42817423])"
46,46,0,,Lespedeza,bicolor,"array([-0.0435743, -2.6293615])"
47,47,0,,Ligustrum,obtusifolium,"array([-0.24318   , -2.52071376])"
48,48,0,,Lysimachia,clethroides,"array([ 0.04565705, -2.53922419])"
49,49,0,,Magnolia,salicifolia,"array([-0.74759741, -2.53765789])"
50,50,0,,Oxalis,griffithii,"array([-0.21394308, -2.45247527])"
51,51,0,,Patrinia,villosa,"array([-0.38553756, -2.54055358])"
52,52,0,,Persicaria,aestiva,"array([ 0.19730032, -2.35651282])"
53,53,0,,Persicaria,pubescens,"array([ 0.05206675, -2.31003872])"
54,54,0,,Persicaria,senticosa,"array([-0.18996298, -2.65203018])"
55,55,0,,Persicaria,thunbergii,"array([-0.12463866, -2.40415496])"
56,56,0,,Petasites,japonicus,"array([ 0.10460367, -2.17129452])"
57,57,0,,Phellodendron,amurense,"array([-0.25292307, -2.8575501 ])"
58,58,0,,Plantago,asiatica,"array([-0.08229676, -2.72833999])"
59,59,0,,Polygonatum,macranthum,"array([ 0.01963618, -2.61125136])"
60,60,0,,Prunus,Grayana,"array([-0.11401224, -2.16184329])"
61,61,0,,Prunus,incisa,"array([-0.46026096, -2.55303769])"
62,62,0,,Prunus,salicina,"array([-0.45276712, -2.47257477])"
63,63,0,,Rabdosia,longituba,"array([-0.08663343, -2.68020225])"
64,64,0,,Rabdosia,trichocarpa,"array([-0.06037901, -2.49413818])"
65,65,0,,Reynoutria,japonica,"array([-0.4909048 , -2.67868607])"
66,66,0,,Rhus,javanica,"array([-0.29616391, -2.68151585])"
67,67,0,,Rhus,trichocarpa,"array([-0.27477638, -2.23045987])"
68,68,0,,Rosa,multiflora,"array([-0.35974546, -2.52418499])"
69,69,0,,Rubus,illecebrosus,"array([-0.06855291, -2.66201006])"
70,70,0,,Rubus,microphyllus,"array([-0.52868026, -2.53737824])"
71,71,0,,Rubus,palmatus,"array([-0.19210224, -2.43828567])"
72,72,0,,Rubus,parvifolius,"array([-0.12548456, -2.61645355])"
73,73,0,,Salix,gracilistyla,"array([-0.73098403, -2.34264617])"
74,74,0,,Salvia,glabrescens,"array([ 0.06736733, -2.63507667])"
75,75,0,,Siegesbeckia,orientalis,"array([-0.46282972, -2.585046  ])"
76,76,0,,Spuriopimpinella,nikoensis,"array([-0.23485721, -2.70024064])"
77,77,0,,Stachyurus,praecox,"array([-0.11246622, -2.49526533])"
78,78,0,,Stenactis,annuus,"array([-0.14808824, -2.62647384])"
79,79,0,,Styrax,japonica,"array([-0.06425984, -2.52379511])"
80,80,0,,Swida,controversa,"array([-1.66230507, -2.78601579])"
81,81,0,,Symplocos,chinensis,"array([-0.4568922 , -2.37854748])"
82,82,0,,Tricyrtis,hirta,"array([ 0.03202062, -2.67216844])"
83,83,0,,Trifolium,repens,"array([-0.1043581 , -2.64404165])"
84,84,0,,Tripterospermum,japonicum,"array([-0.03608447, -2.65421319])"
85,85,0,,Viburnum,plicatum,"array([-0.40673299, -2.45206471])"
86,86,0,,Viola,grypoceras,"array([-0.21397296, -2.37553545])"
87,87,0,,Viola,kusanoana,"array([-0.29789154, -2.32086342])"
88,88,0,,Viola,vaginata,"array([-0.11753148, -2.25802547])"
89,89,0,,Viola,verecunda,"array([-0.23086994, -2.40074796])"
90,90,0,,Weigela,hortensis,"array([-0.20496239, -2.41017397])"
91,91,0,,Cornus,controversa,"array([-0.22831798, -2.30185481])"
92,92,0,,Cornus,kousa,"array([-0.08465192, -2.57329684])"
93,93,0,,Caryopteris ,divaricata,"array([-0.07602643, -2.63681567])"
94,398,1,Acteniceromorphus nipponensis (Ela. : Col. ),,,"array([-0.63223248, -2.40234299])"
95,139,1,Actina jezoensis (Str. : Dip. ),,,"array([-0.43413974, -2.21909686])"
96,28,1,Adelphocoris triannulatus (Mir. : Hem. ),,,"array([ 0.00344004, -2.41288263])"
97,47,1,AGALLIIDAE1 (Aga. : Hem. ),,,"array([-0.58904878, -2.53636672])"
98,471,1,Agelastica coerulea (Chr. : Col. ),,,"array([-0.28042435, -2.70720254])"
99,495,1,Aglaostigma neburosa (Ten. : Hym. ),,,"array([-0.48379349, -2.22687859])"
100,272,1,AGROMYZIDAE1 (Agr. : Dip. ),,,"array([-0.72822626, -2.46858724])"
101,273,1,AGROMYZIDAE5 (Agr. : Dip. ),,,"array([-0.66435208, -2.23279731])"
102,433,1,ALLECULIDAE1 (All. : Col. ),,,"array([-0.16469178, -2.57093325])"
103,189,1,Allograpta javana (Syr. : Dip. ),,,"array([-0.29935785, -2.62563198])"
104,599,1,Ammophila infesta (Sph. : Hym. ),,,"array([ 0.02692111, -2.32054556])"
105,447,1,Anaglyptus niponensis (Cer. : Col. ),,,"array([-0.3775112 , -2.62612406])"
106,437,1,Anaspis funagata (Scr. : Col. ),,,"array([-0.53878174, -2.4638196 ])"
107,592,1,Ancistrocerus melanocerus (Ves. : Hym. ),,,"array([-0.54480122, -2.3699234 ])"
108,631,1,Andrena (Andrena) benefica (And. : Hym. ),,,"array([-0.30143002, -2.22141482])"
109,632,1,Andrena (Andrena) brevihirtiscopa (And. : Hym. ),,,"array([-0.50600742, -2.54371206])"
110,633,1,Andrena (Andrena) ishiharai (And. : Hym. ),,,"array([-0.15875006, -2.60183947])"
111,634,1,Andrena (Andrena) longitibialis (And. : Hym. ),,,"array([-0.46353124, -2.62230621])"
112,635,1,Andrena (Calomelissa) tsukubana (And. : Hym. ),,,"array([-0.36604341, -2.58424891])"
113,636,1,Andrena (Chlorandrena) Knuthi (And. : Hym. ),,,"array([-0.193294  , -2.51566529])"
114,637,1,Andrena (Euandrena) stellaria (And. : Hym. ),,,"array([-0.19930353, -2.22893358])"
115,638,1,Andrena (Habromellissa) omogensis (And. : Hym. ),,,"array([-0.22238553, -3.03392287])"
116,639,1,Andrena (Hoplandera) akitsushimae (And. : Hym. ),,,"array([-0.37032407, -2.76561825])"
117,640,1,Andrena (Hoplandera) dentata (And. : Hym. ),,,"array([-0.20304287, -2.8278008 ])"
118,641,1,Andrena (Hoplandrena) miyamotoi (And. : Hym. ),,,"array([-0.85484771, -2.41392024])"
119,642,1,Andrena (Micrandrena) hikosana (And. : Hym. ),,,"array([-0.42210001, -2.34559787])"
120,643,1,Andrena (Micrandrena) kaguya (And. : Hym. ),,,"array([-0.6733449 , -2.55658257])"
121,644,1,Andrena (Micrandrena) komachi (And. : Hym. ),,,"array([-0.34091083, -2.27052861])"
122,645,1,Andrena (Micrandrena) minutula (And. : Hym. ),,,"array([-0.37506188, -2.32704738])"
123,646,1,Andrena (Micrandrena) sublevigata (And. : Hym. ),,,"array([-0.02938036, -2.28915381])"
124,647,1,Andrena (Simandrena) opacifovea opacifovea (And. : Hym. ),,,"array([-0.37031329, -2.26505363])"
125,648,1,Andrena (Simandrena) yamamotoi (And. : Hym. ),,,"array([-0.41285612, -2.37192068])"
126,649,1,Andrena (Stenomelissa) halictoides (And. : Hym. ),,,"array([-0.0411039 , -2.37925362])"
127,650,1,Andrena (Trachandrena) haemorrhoa japonibia (And. : Hym. ),,,"array([-0.06040723, -2.3990873 ])"
128,448,1,Anoploderomorpha excavata (Cer. : Col. ),,,"array([-0.39415485, -2.79492411])"
129,399,1,Anostinus daimio (Ela. : Col. ),,,"array([-0.57584597, -2.51028129])"
130,427,1,Antherophagus nigricornis (Cry. : Col. ),,,"array([-0.26479727, -2.95244599])"
131,27,1,ANTHOCORIDAE2 (Ant. : Hem. ),,,"array([ 0.0334925, -2.3544876])"
132,307,1,ANTHOMYIIDAE12 (Ant. : Dip. ),,,"array([-0.17543688, -2.25188349])"
133,308,1,ANTHOMYIIDAE14 (Ant. : Dip. ),,,"array([-0.1722441, -2.3342592])"
134,309,1,ANTHOMYIIDAE16 (Ant. : Dip. ),,,"array([ 0.19224747, -2.2990059 ])"
135,310,1,ANTHOMYIIDAE17 (Ant. : Dip. ),,,"array([-0.59320509, -2.2833265 ])"
136,311,1,ANTHOMYIIDAE20 (Ant. : Dip. ),,,"array([-0.338039  , -1.93559275])"
137,312,1,ANTHOMYIIDAE21 (Ant. : Dip. ),,,"array([-0.42623546, -2.43886343])"
138,313,1,ANTHOMYIIDAE22 (Ant. : Dip. ),,,"array([-0.27211832, -2.56029629])"
139,314,1,ANTHOMYIIDAE25 (Ant. : Dip. ),,,"array([-0.04501087, -2.46753751])"
140,315,1,ANTHOMYIIDAE27 (Ant. : Dip. ),,,"array([-9.79455638e-04, -2.19106535e+00])"
141,316,1,ANTHOMYIIDAE28 (Ant. : Dip. ),,,"array([-0.39677806, -2.43077562])"
142,317,1,ANTHOMYIIDAE29 (Ant. : Dip. ),,,"array([-0.36248586, -2.0853205 ])"
143,318,1,ANTHOMYIIDAE3 (Ant. : Dip. ),,,"array([-0.15087135, -2.24262957])"
144,319,1,ANTHOMYIIDAE31 (Ant. : Dip. ),,,"array([-0.44310926, -2.36061584])"
145,320,1,ANTHOMYIIDAE34 (Ant. : Dip. ),,,"array([-0.70635647, -2.37925808])"
146,321,1,ANTHOMYIIDAE35 (Ant. : Dip. ),,,"array([-0.48627312, -2.10846443])"
147,322,1,ANTHOMYIIDAE38 (Ant. : Dip. ),,,"array([-0.49773639, -2.28756695])"
148,323,1,ANTHOMYIIDAE4 (Ant. : Dip. ),,,"array([-0.49332053, -2.26010662])"
149,324,1,ANTHOMYIIDAE41 (Ant. : Dip. ),,,"array([-0.88215391, -2.38261499])"
150,325,1,ANTHOMYIIDAE42 (Ant. : Dip. ),,,"array([-0.60553535, -2.18790288])"
151,326,1,ANTHOMYIIDAE43 (Ant. : Dip. ),,,"array([-0.47785783, -2.16422703])"
152,327,1,ANTHOMYIIDAE44 (Ant. : Dip. ),,,"array([-0.66517686, -2.28623249])"
153,328,1,ANTHOMYIIDAE45 (Ant. : Dip. ),,,"array([-0.15624454, -2.40292706])"
154,329,1,ANTHOMYIIDAE46 (Ant. : Dip. ),,,"array([-0.48649862, -1.9804192 ])"
155,330,1,ANTHOMYIIDAE48 (Ant. : Dip. ),,,"array([-0.82194244, -2.27712256])"
156,331,1,ANTHOMYIIDAE50 (Ant. : Dip. ),,,"array([-0.30965203, -2.84856403])"
157,332,1,ANTHOMYIIDAE6 (Ant. : Dip. ),,,"array([-0.29148703, -2.81280631])"
158,333,1,ANTHOMYIIDAE7 (Ant. : Dip. ),,,"array([-0.4907147 , -1.95441795])"
159,334,1,ANTHOMYIIDAE8 (Ant. : Dip. ),,,"array([-0.38527659, -2.17510266])"
160,430,1,Anthromacra viriclissima (Lag. : Col. ),,,"array([-0.34960749, -2.31330922])"
161,489,1,APIONIDAE3 (Api. : Col. ),,,"array([-0.49029637, -2.56510624])"
162,672,1,Apis cerana (Api. : Hym. ),,,"array([-0.19534651, -2.59052701])"
163,673,1,Apis mellifera (Api. : Hym. ),,,"array([-0.22359754, -2.56650862])"
164,487,1,Apoderus jekelii (Att. : Col. ),,,"array([-0.83861528, -2.37743745])"
165,1,1,ARANEIDA17 (Ara. : Ara. ),,,"array([-0.41131926, -2.18912766])"
166,2,1,ARANEIDA18 (Ara. : Ara. ),,,"array([-0.3016265 , -2.07275816])"
167,3,1,ARANEIDA19 (Ara. : Ara. ),,,"array([-0.5302716 , -2.01246339])"
168,4,1,ARANEIDA20 (Ara. : Ara. ),,,"array([-0.29368535, -2.1457827 ])"
169,5,1,ARANEIDA21 (Ara. : Ara. ),,,"array([-0.60107083, -2.06040426])"
170,6,1,ARANEIDA27 (Ara. : Ara. ),,,"array([-0.54551112, -2.06370594])"
171,7,1,ARANEIDA28 (Ara. : Ara. ),,,"array([-0.65037135, -2.26071909])"
172,8,1,ARANEIDA34 (Ara. : Ara. ),,,"array([-0.4362473 , -1.99942092])"
173,9,1,ARANEIDA36 (Ara. : Ara. ),,,"array([-0.25671903, -1.94987872])"
174,10,1,ARANEIDA39 (Ara. : Ara. ),,,"array([-0.48579852, -2.00789979])"
175,11,1,ARANEIDA41 (Ara. : Ara. ),,,"array([-0.54804907, -2.5842308 ])"
176,12,1,ARANEIDA6 (Ara. : Ara. ),,,"array([ 0.00624893, -2.02949082])"
177,13,1,ARANEIDA8 (Ara. : Ara. ),,,"array([-0.46499281, -2.87489917])"
178,512,1,Arge nigrinodosa (Ari. : Hym. ),,,"array([ 0.05017636, -2.82164797])"
179,513,1,Arge nipponensis (Ari. : Hym. ),,,"array([-0.22670809, -2.81360142])"
180,514,1,Arge similis (Ari. : Hym. ),,,"array([-0.06006213, -2.82953037])"
181,496,1,Asiemphytus albilabris (Ten. : Hym. ),,,"array([-0.38954389, -2.60236056])"
182,497,1,Athalia japonica (Ten. : Hym. ),,,"array([-0.36166108, -2.21759334])"
183,411,1,Athemellus insulsus (Can. : Col. ),,,"array([-0.49056392, -2.78379559])"
184,582,1,AULACIDAE1 (Aul. : Hym. ),,,"array([-0.16201796, -2.428845  ])"
185,190,1,Baccha maculata (Syr. : Dip. ),,,"array([ 0.04082745, -2.4377644 ])"
186,191,1,Betasyrphus seraius (Syr. : Dip. ),,,"array([ 0.12196414, -2.60278405])"
187,449,1,Bhaphuma xenisca (Cer. : Col. ),,,"array([-0.23825446, -2.936057  ])"
188,116,1,BIBIONIDAE1 (Bib. : Dip. ),,,"array([-0.56933529, -2.56533904])"
189,117,1,BIBIONIDAE11 (Bib. : Dip. ),,,"array([-0.48496869, -2.0331508 ])"
190,118,1,BIBIONIDAE4 (Bib. : Dip. ),,,"array([-0.38515385, -1.9399159 ])"
191,119,1,BIBIONIDAE6 (Bib. : Dip. ),,,"array([-0.11085982, -2.35255606])"
192,498,1,Birka carinifrons (Ten. : Hym. ),,,"array([ 0.18460526, -2.55137995])"
193,387,1,Blitopertha orientalis (Sca. : Col. ),,,"array([-0.18419075, -2.75499244])"
194,667,1,Bombus (Bombus) hypocrita hypocrita (Api. : Hym. ),,,"array([-0.21225152, -2.60435869])"
195,668,1,Bombus (Bombus) ignitus (Api. : Hym. ),,,"array([-0.66228393, -2.75188194])"
196,669,1,Bombus (Diversobombus) diversus diversus (Api. : Hym. ),,,"array([-0.11829727, -2.59203444])"
197,670,1,Bombus (Pyrobombus) ardens (Api. : Hym. ),,,"array([-0.21938356, -2.52674458])"
198,671,1,Bombus (Thoracobombus) honshuensis (Api. : Hym. ),,,"array([-0.18228285, -2.61757552])"
199,144,1,Bombylius major (Bom. : Dip. ),,,"array([-0.30325209, -2.4199507 ])"
200,516,1,BRACONIDAE1 (Bra. : Hym. ),,,"array([ 0.12946668, -2.45342262])"
201,517,1,BRACONIDAE13 (Bra. : Hym. ),,,"array([-0.08902649, -2.83011825])"
202,518,1,BRACONIDAE15 (Bra. : Hym. ),,,"array([ 0.12529692, -2.7653294 ])"
203,519,1,BRACONIDAE16 (Bra. : Hym. ),,,"array([-0.12442394, -2.87768712])"
204,520,1,BRACONIDAE17 (Bra. : Hym. ),,,"array([-0.6277356 , -2.74352214])"
205,521,1,BRACONIDAE18 (Bra. : Hym. ),,,"array([-0.4867655 , -2.49203849])"
206,522,1,BRACONIDAE2 (Bra. : Hym. ),,,"array([ 0.06930593, -2.49320375])"
207,523,1,BRACONIDAE20 (Bra. : Hym. ),,,"array([-0.53961069, -2.63228771])"
208,524,1,BRACONIDAE25 (Bra. : Hym. ),,,"array([-0.66161522, -2.88943298])"
209,525,1,BRACONIDAE26 (Bra. : Hym. ),,,"array([-0.28681146, -1.98836889])"
210,526,1,BRACONIDAE27 (Bra. : Hym. ),,,"array([-0.11767365, -2.90706997])"
211,527,1,BRACONIDAE28 (Bra. : Hym. ),,,"array([-0.52009557, -2.56826566])"
212,528,1,BRACONIDAE29 (Bra. : Hym. ),,,"array([-0.4955726 , -2.63593865])"
213,529,1,BRACONIDAE31 (Bra. : Hym. ),,,"array([-0.70531591, -2.14222699])"
214,530,1,BRACONIDAE36 (Bra. : Hym. ),,,"array([-0.17359858, -2.46233066])"
215,531,1,BRACONIDAE38 (Bra. : Hym. ),,,"array([-0.26267336, -3.0381637 ])"
216,532,1,BRACONIDAE40 (Bra. : Hym. ),,,"array([ 0.00669197, -2.11548043])"
217,533,1,BRACONIDAE41 (Bra. : Hym. ),,,"array([-0.31029969, -1.97307138])"
218,534,1,BRACONIDAE44 (Bra. : Hym. ),,,"array([-0.64926464, -2.30883612])"
219,535,1,BRACONIDAE45 (Bra. : Hym. ),,,"array([-0.69510408, -2.42073831])"
220,536,1,BRACONIDAE5 (Bra. : Hym. ),,,"array([-0.14619082, -2.74128309])"
221,488,1,Byctiscus puberulus (Att. : Col. ),,,"array([-0.59648655, -2.11941769])"
222,420,1,Byturus affinis (Byt. : Col. ),,,"array([-0.68077632, -2.60788447])"
223,369,1,CALLIPHORIDAE10 (Cal. : Dip. ),,,"array([-0.3636499 , -2.02978902])"
224,370,1,CALLIPHORIDAE5 (Cal. : Dip. ),,,"array([-0.22139575, -2.77375331])"
225,371,1,CALLIPHORIDAE6 (Cal. : Dip. ),,,"array([-0.23898351, -2.06503337])"
226,372,1,CALLIPHORIDAE7 (Cal. : Dip. ),,,"array([-0.46359599, -2.44758994])"
227,373,1,CALLIPHORIDAE8 (Cal. : Dip. ),,,"array([-0.10748256, -2.79676281])"
228,586,1,Camponotus obscripes (For. : Hym. ),,,"array([-0.28947144, -2.18533719])"
229,284,1,CANACEIDAE1 (Can. : Dip. ),,,"array([-0.62699989, -2.46247854])"
230,285,1,CANACEIDAE2 (Can. : Dip. ),,,"array([-0.72129813, -2.40482508])"
231,21,1,Carbula humerigera (Pen. : Hem. ),,,"array([ 0.08371928, -2.52501969])"
232,423,1,Carpophilus chalybeus (Nit. : Col. ),,,"array([-0.26007528, -2.69003072])"
233,417,1,Cautires bourgeoisi (Lyc. : Col. ),,,"array([-0.44068993, -2.92766723])"
234,102,1,CECIDOMYIIDAE1 (Cec. : Dip. ),,,"array([ 0.04494134, -2.08665078])"
235,103,1,CECIDOMYIIDAE3 (Cec. : Dip. ),,,"array([ 0.02194573, -2.38368384])"
236,104,1,CECIDOMYIIDAE4 (Cec. : Dip. ),,,"array([-0.38667592, -1.98881819])"
237,105,1,CECIDOMYIIDAE5 (Cec. : Dip. ),,,"array([-0.5648056 , -1.98184666])"
238,106,1,CECIDOMYIIDAE6 (Cec. : Dip. ),,,"array([-0.86753153, -2.26320569])"
239,192,1,Cheilosia sp.8 (Syr. : Dip. ),,,"array([-0.67650816, -2.11626279])"
240,85,1,Celastrina argiolus (Lyc. : Lep. ),,,"array([-0.0296793 , -2.32418954])"
241,439,1,CEPHALOIDAE2 (Cep. : Col. ),,,"array([-0.28412207, -2.39510674])"
242,438,1,Cephaloon pallensa (Cep. : Col. ),,,"array([-0.37499293, -2.43489236])"
243,145,1,Cephenius nitobei (Bom. : Dip. ),,,"array([ 0.06829671, -2.46089693])"
244,146,1,Cephenius sp. (Bom. : Dip. ),,,"array([ 0.12345985, -2.52294617])"
245,659,1,Ceratina esakii (Ant. : Hym. ),,,"array([-0.19031126, -2.28209032])"
246,660,1,Ceratina flavipes (Ant. : Hym. ),,,"array([-0.02235169, -2.70864409])"
247,661,1,Ceratina japonica (Ant. : Hym. ),,,"array([-0.23217662, -2.47131211])"
248,662,1,Ceratina megastigmata (Ant. : Hym. ),,,"array([-0.27100127, -2.46053629])"
249,136,1,CERATOPOGONIDAE1 (Cer. : Dip. ),,,"array([-0.89583465, -2.34251479])"
250,137,1,CERATOPOGONIDAE2 (Cer. : Dip. ),,,"array([-0.59084252, -2.6435105 ])"
251,138,1,CERATOPOGONIDAE4 (Cer. : Dip. ),,,"array([-0.39112583, -2.10083015])"
252,600,1,Cerceris carinalis (Sph. : Hym. ),,,"array([-0.00286612, -2.85729085])"
253,601,1,Cerceris hortivaga (Sph. : Hym. ),,,"array([-0.2158246 , -2.74425806])"
254,42,1,CERCOPIDAE1 (Cer. : Hem. ),,,"array([-0.50306293, -2.84202252])"
255,43,1,CERCOPIDAE2 (Cer. : Hem. ),,,"array([-0.27775388, -2.61227904])"
256,651,1,Chalicodoma sculpturalis (Meg. : Hym. ),,,"array([-0.3241084 , -2.81259564])"
257,193,1,Cheilosia omogensis (Syr. : Dip. ),,,"array([-0.18090009, -2.89337349])"
258,194,1,Cheilosia sp.1 (Syr. : Dip. ),,,"array([-0.31495955, -1.91621882])"
259,195,1,Cheilosia sp.10 (Syr. : Dip. ),,,"array([-0.4567586 , -2.73343871])"
260,196,1,Cheilosia sp.11 (Syr. : Dip. ),,,"array([-0.01942845, -2.24725681])"
261,197,1,Cheilosia sp.12 (Syr. : Dip. ),,,"array([-0.2395749 , -2.33962321])"
262,198,1,Cheilosia sp.4 (Syr. : Dip. ),,,"array([-0.88922595, -2.30141228])"
263,199,1,Cheilosia sp.5 (Syr. : Dip. ),,,"array([-0.21378837, -2.00901327])"
264,200,1,Cheilosia sp.6 (Syr. : Dip. ),,,"array([-0.08521207, -2.42810629])"
265,201,1,Cheilosia sp.7 (Syr. : Dip. ),,,"array([-0.24206419, -2.27771649])"
266,202,1,Cheilosia sp.9 (Syr. : Dip. ),,,"array([-0.72340178, -2.17514196])"
267,203,1,Cheilosia sp.14 (Syr. : Dip. ),,,"array([-0.41177533, -2.2461835 ])"
268,133,1,CHIRONOMIDAE5 (Chi. : Dip. ),,,"array([-0.1702875 , -2.36511733])"
269,134,1,CHIRONOMIDAE8 (Chi. : Dip. ),,,"array([ 0.04286154, -2.12245188])"
270,135,1,CHIRONOMIDAE9 (Chi. : Dip. ),,,"array([-0.1431811 , -2.45356099])"
271,450,1,Chlorophorus japonicus (Cer. : Col. ),,,"array([-0.0861744 , -2.60859349])"
272,286,1,CHLOROPIDAE10 (Chl. : Dip. ),,,"array([-0.67546608, -2.44310521])"
273,287,1,CHLOROPIDAE11 (Chl. : Dip. ),,,"array([-0.61221594, -2.30533808])"
274,288,1,CHLOROPIDAE17 (Chl. : Dip. ),,,"array([-0.41711806, -2.91042881])"
275,289,1,CHLOROPIDAE18 (Chl. : Dip. ),,,"array([-0.08681692, -2.50894334])"
276,290,1,CHLOROPIDAE2 (Chl. : Dip. ),,,"array([-0.63801766, -2.20863599])"
277,291,1,CHLOROPIDAE20 (Chl. : Dip. ),,,"array([-0.37582852, -2.66469353])"
278,292,1,CHLOROPIDAE22 (Chl. : Dip. ),,,"array([-0.15582793, -2.92436148])"
279,293,1,CHLOROPIDAE23 (Chl. : Dip. ),,,"array([-0.20550717, -2.11215876])"
280,294,1,CHLOROPIDAE24 (Chl. : Dip. ),,,"array([-0.2852312 , -1.93061655])"
281,295,1,CHLOROPIDAE25 (Chl. : Dip. ),,,"array([-0.43749762, -2.02515605])"
282,296,1,CHLOROPIDAE26 (Chl. : Dip. ),,,"array([-0.54210486, -1.95874056])"
283,297,1,CHLOROPIDAE28 (Chl. : Dip. ),,,"array([-0.46165134, -2.21123531])"
284,298,1,CHLOROPIDAE29 (Chl. : Dip. ),,,"array([-0.67239121, -2.52637343])"
285,299,1,CHLOROPIDAE3 (Chl. : Dip. ),,,"array([ 0.02814362, -2.17474657])"
286,300,1,CHLOROPIDAE9 (Chl. : Dip. ),,,"array([-0.39396745, -2.92730903])"
287,81,1,Choaspes benjaminii (Hes. : Lep. ),,,"array([-0.60137046, -2.81522458])"
288,142,1,Choerades sp. (Asi. : Dip. ),,,"array([-0.64777862, -2.37910086])"
289,472,1,CHRYSOMELIDAE14 (Chr. : Col. ),,,"array([-0.16997748, -2.30353918])"
290,473,1,CHRYSOMELIDAE17 (Chr. : Col. ),,,"array([-0.18654076, -3.02324535])"
291,474,1,CHRYSOMELIDAE20 (Chr. : Col. ),,,"array([ 0.03113834, -2.73153414])"
292,475,1,CHRYSOMELIDAE22 (Chr. : Col. ),,,"array([-0.41142887, -2.86572598])"
293,476,1,CHRYSOMELIDAE24 (Chr. : Col. ),,,"array([-0.60929497, -2.62332409])"
294,477,1,CHRYSOMELIDAE26 (Chr. : Col. ),,,"array([-0.43512212, -2.57260543])"
295,478,1,CHRYSOMELIDAE31 (Chr. : Col. ),,,"array([-0.8266432 , -2.32815516])"
296,479,1,CHRYSOMELIDAE32 (Chr. : Col. ),,,"array([-0.5997161 , -2.67322535])"
297,204,1,Chrystogaster brevicornis (Syr. : Dip. ),,,"array([-0.09492297, -2.00833526])"
298,54,1,CIXIIDAE1 (Cix. : Hem. ),,,"array([-0.32984299, -2.29687659])"
299,55,1,CIXIIDAE2 (Cix. : Hem. ),,,"array([-0.46656592, -2.65332352])"
300,301,1,CLUSIIDAE1 (Clu. : Dip. ),,,"array([-0.34872467, -2.44878151])"
301,302,1,CLUSIIDAE2 (Clu. : Dip. ),,,"array([-0.35931053, -1.95136101])"
302,303,1,CLUSIIDAE3 (Clu. : Dip. ),,,"array([-0.49870764, -2.08393696])"
303,304,1,CLUSIIDAE4 (Clu. : Dip. ),,,"array([-0.08590191, -2.23205948])"
304,305,1,CLUSIIDAE7 (Clu. : Dip. ),,,"array([ 0.13405876, -2.72295891])"
305,652,1,Coelioxys brevis (Meg. : Hym. ),,,"array([-1.80650437e-03, -2.44081196e+00])"
306,382,1,Colpodes aurelius (Car. : Col. ),,,"array([-0.3152982 , -2.57169838])"
307,247,1,CONOPIDAE1 (Con. : Dip. ),,,"array([ 0.19955746, -2.47988539])"
308,248,1,CONOPIDAE11 (Con. : Dip. ),,,"array([-0.33803677, -2.77931228])"
309,249,1,CONOPIDAE13 (Con. : Dip. ),,,"array([-0.46103555, -2.90411154])"
310,250,1,CONOPIDAE15 (Con. : Dip. ),,,"array([-0.24683255, -3.00652897])"
311,251,1,CONOPIDAE8 (Con. : Dip. ),,,"array([-0.44768871, -2.68600257])"
312,408,1,Coraebus rusticanus (Bup. : Col. ),,,"array([-0.71072579, -2.59463766])"
313,499,1,Corymbas nipponica (Ten. : Hym. ),,,"array([-0.32416386, -2.3483306 ])"
314,451,1,Corymia succedanea (Cer. : Col. ),,,"array([-0.34013452, -2.93744407])"
315,602,1,Crabro sp. (Sph. : Hym. ),,,"array([ 0.22148295, -2.51628243])"
316,205,1,Criorhina japonica (Syr. : Dip. ),,,"array([-0.68930948, -2.47355909])"
317,490,1,CURCULIONIDAE10 (Cur. : Col. ),,,"array([-0.68601342, -2.6405889 ])"
318,491,1,CURCULIONIDAE3 (Cur. : Col. ),,,"array([-0.28562951, -2.93396095])"
319,492,1,CURCULIONIDAE6 (Cur. : Col. ),,,"array([-0.23519053, -2.09273804])"
320,493,1,CURCULIONIDAE8 (Cur. : Col. ),,,"array([-0.85426395, -2.30018013])"
321,581,1,CYNIPIDAE1 (Cyn. : Hym. ),,,"array([-0.62745094, -2.65641101])"
322,206,1,Dasysyrphus bilineatus (Syr. : Dip. ),,,"array([ 0.03662692, -2.51322836])"
323,422,1,dasytes vulgaris (Mel. : Col. ),,,"array([-0.27652613, -2.42361938])"
324,48,1,DELTOCEPHALIDAE2 (Del. : Hem. ),,,"array([-0.53701745, -1.98791697])"
325,49,1,DELTOCEPHALIDAE3 (Del. : Hem. ),,,"array([-0.3577894 , -2.96674882])"
326,50,1,DELTOCEPHALIDAE4 (Del. : Hem. ),,,"array([-0.51540291, -2.21528814])"
327,51,1,DELTOCEPHALIDAE5 (Del. : Hem. ),,,"array([-0.32097056, -2.12644502])"
328,452,1,Demonax transilis (Cer. : Col. ),,,"array([-0.30874097, -2.36728947])"
329,453,1,Dere thoracica (Cer. : Col. ),,,"array([-0.41230073, -1.9745904 ])"
330,419,1,Dermestes haemorrhoidalis (Der. : Col. ),,,"array([-0.01479966, -2.47536801])"
331,583,1,DIAPRIIDAE1 (Dia. : Hym. ),,,"array([-0.07460776, -2.86184854])"
332,277,1,DIASTATIDAE2 (Dia. : Dip. ),,,"array([-0.57961729, -2.14517704])"
333,207,1,Didea fasciata (Syr. : Dip. ),,,"array([-0.55347118, -2.79964039])"
334,454,1,Dinoptera minuta ticollis (Cer. : Col. ),,,"array([-0.51461254, -2.38596149])"
335,182,1,DOLICHOPODIDAE1 (Dol. : Dip. ),,,"array([-0.5349306 , -2.18427364])"
336,183,1,DOLICHOPODIDAE2 (Dol. : Dip. ),,,"array([-0.51837044, -1.93988992])"
337,184,1,DOLICHOPODIDAE3 (Dol. : Dip. ),,,"array([-0.30603406, -2.78632869])"
338,274,1,DROSOPHILIDAE11 (Dro. : Dip. ),,,"array([ 0.16038588, -2.26205279])"
339,275,1,DROSOPHILIDAE15 (Dro. : Dip. ),,,"array([ 0.20238784, -2.26264831])"
340,276,1,DROSOPHILIDAE19 (Dro. : Dip. ),,,"array([-0.6325251 , -2.28378701])"
341,603,1,Ectemnius (Cameronitus) radiatus (Sph. : Hym. ),,,"array([ 0.0596639 , -2.71822967])"
342,604,1,Ectemnius (Hypocrabro) rubicola (Sph. : Hym. ),,,"array([ 0.00302358, -2.74389302])"
343,605,1,Ectemnuis radiatus (Sph. : Hym. ),,,"array([-0.14538046, -2.78184162])"
344,606,1,Ectemnuis rubicola nipponis (Sph. : Hym. ),,,"array([-0.0777631 , -2.79062534])"
345,388,1,Ectinohoplia obducta (Sca. : Col. ),,,"array([-0.2233836, -2.6679734])"
346,367,1,Ectophasia sinensis (Pha. : Dip. ),,,"array([-0.25712829, -2.4990525 ])"
347,22,1,Elasmucha nipponica (Pen. : Hem. ),,,"array([-0.51797287, -2.05858864])"
348,400,1,ELATERIDAE17 (Ela. : Col. ),,,"array([-0.63075047, -2.23774031])"
349,401,1,ELATERIDAE3 (Ela. : Col. ),,,"array([-0.5101431 , -2.76488068])"
350,402,1,ELATERIDAE8 (Ela. : Col. ),,,"array([-0.48074579, -2.7151097 ])"
351,148,1,EMPIDIDAE1 (Emp. : Dip. ),,,"array([-0.46220999, -2.01893441])"
352,149,1,EMPIDIDAE10 (Emp. : Dip. ),,,"array([-0.56746481, -2.26921498])"
353,150,1,EMPIDIDAE11 (Emp. : Dip. ),,,"array([-0.49143084, -1.92359817])"
354,151,1,EMPIDIDAE13 (Emp. : Dip. ),,,"array([-0.4632182 , -2.04798875])"
355,152,1,EMPIDIDAE14 (Emp. : Dip. ),,,"array([-0.44674934, -2.14581056])"
356,153,1,EMPIDIDAE15 (Emp. : Dip. ),,,"array([-0.44062746, -2.11489322])"
357,154,1,EMPIDIDAE16 (Emp. : Dip. ),,,"array([-0.31133692, -2.00029473])"
358,155,1,EMPIDIDAE18 (Emp. : Dip. ),,,"array([-0.43662413, -2.05013685])"
359,156,1,EMPIDIDAE19 (Emp. : Dip. ),,,"array([-0.32924918, -2.41184219])"
360,157,1,EMPIDIDAE2 (Emp. : Dip. ),,,"array([-0.35408446, -2.17361971])"
361,158,1,EMPIDIDAE20 (Emp. : Dip. ),,,"array([-0.53706721, -2.1130427 ])"
362,159,1,EMPIDIDAE21 (Emp. : Dip. ),,,"array([-0.56513078, -2.04411002])"
363,160,1,EMPIDIDAE22 (Emp. : Dip. ),,,"array([ 0.00232094, -2.30050811])"
364,161,1,EMPIDIDAE23 (Emp. : Dip. ),,,"array([-0.43797213, -1.97408675])"
365,162,1,EMPIDIDAE24 (Emp. : Dip. ),,,"array([-0.50954705, -1.99759624])"
366,163,1,EMPIDIDAE25 (Emp. : Dip. ),,,"array([-0.4695325 , -2.35092028])"
367,164,1,EMPIDIDAE27 (Emp. : Dip. ),,,"array([-0.32343794, -2.20226887])"
368,165,1,EMPIDIDAE28 (Emp. : Dip. ),,,"array([-0.4714777 , -2.13130597])"
369,166,1,EMPIDIDAE29 (Emp. : Dip. ),,,"array([-0.34133988, -2.10495641])"
370,167,1,EMPIDIDAE3 (Emp. : Dip. ),,,"array([-0.47171529, -2.07377774])"
371,168,1,EMPIDIDAE31 (Emp. : Dip. ),,,"array([-0.22261375, -2.25403423])"
372,169,1,EMPIDIDAE32 (Emp. : Dip. ),,,"array([-0.32716892, -2.23612788])"
373,170,1,EMPIDIDAE33 (Emp. : Dip. ),,,"array([-0.60199941, -2.56172165])"
374,171,1,EMPIDIDAE36 (Emp. : Dip. ),,,"array([-0.56280423, -2.65583347])"
375,172,1,EMPIDIDAE38 (Emp. : Dip. ),,,"array([-0.38733811, -1.96429736])"
376,173,1,EMPIDIDAE39 (Emp. : Dip. ),,,"array([-0.26993103, -2.32642702])"
377,174,1,EMPIDIDAE4 (Emp. : Dip. ),,,"array([-0.86165798, -2.34454331])"
378,175,1,EMPIDIDAE44 (Emp. : Dip. ),,,"array([-0.55887003, -2.53609986])"
379,176,1,EMPIDIDAE45 (Emp. : Dip. ),,,"array([-0.52830905, -2.14410845])"
380,177,1,EMPIDIDAE5 (Emp. : Dip. ),,,"array([-0.36829792, -2.11822876])"
381,178,1,EMPIDIDAE6 (Emp. : Dip. ),,,"array([-0.55605763, -2.13140946])"
382,179,1,EMPIDIDAE7 (Emp. : Dip. ),,,"array([-0.46008519, -1.91082173])"
383,180,1,EMPIDIDAE8 (Emp. : Dip. ),,,"array([-0.51272256, -2.1143636 ])"
384,181,1,EMPIDIDAE9 (Emp. : Dip. ),,,"array([-0.24026085, -2.00889991])"
385,500,1,Empria quadrimaculata (Ten. : Hym. ),,,"array([-0.68884189, -2.18190643])"
386,429,1,ENDOMYCHIDAE2 (End. : Col. ),,,"array([-0.36203258, -2.00373627])"
387,14,1,EPHEMEROPTERA1 (Eph. : Eph. ),,,"array([-0.34876071, -2.90667272])"
388,278,1,EPHYDRIDAE14 (Eph. : Dip. ),,,"array([-0.12039486, -2.93433354])"
389,279,1,EPHYDRIDAE19 (Eph. : Dip. ),,,"array([-0.66685556, -2.1515719 ])"
390,280,1,EPHYDRIDAE2 (Eph. : Dip. ),,,"array([-0.28701846, -2.01877047])"
391,281,1,EPHYDRIDAE28 (Eph. : Dip. ),,,"array([-0.31509946, -2.09577978])"
392,282,1,EPHYDRIDAE4 (Eph. : Dip. ),,,"array([-1.83999572e-03, -2.50661558e+00])"
393,283,1,EPHYDRIDAE5 (Eph. : Dip. ),,,"array([-0.05538781, -2.55751931])"
394,208,1,Epistotophe shibakawae (Syr. : Dip. ),,,"array([ 0.05344984, -2.38970442])"
395,209,1,Episyrphus balteatus (Syr. : Dip. ),,,"array([-0.36967071, -2.41416442])"
396,52,1,Epotiocerus flexuosus (Der. : Hem. ),,,"array([-0.52836578, -2.67696603])"
397,424,1,Epuraea sp. (Nit. : Col. ),,,"array([-0.56842443, -2.47944355])"
398,210,1,Eristalis cerealis (Syr. : Dip. ),,,"array([-0.28188495, -2.50344515])"
399,211,1,Eristalomya tenax (Syr. : Dip. ),,,"array([-0.27412439, -2.63692484])"
400,389,1,Eucetonia roelofsi (Sca. : Col. ),,,"array([-0.35020341, -2.64653667])"
401,573,1,EULOPHIDAE1 (Eul. : Hym. ),,,"array([-0.3220346 , -2.90398692])"
402,88,1,Eulype hastata (Geo. : Lep. ),,,"array([-0.23859524, -2.12631261])"
403,593,1,Eumenes rubronotatus (Ves. : Hym. ),,,"array([-0.04274473, -2.73212952])"
404,29,1,Eurystylus coelestialium (Mir. : Hem. ),,,"array([-0.39569405, -2.76979507])"
405,579,1,EURYTOMIDAE1 (Eur. : Hym. ),,,"array([-0.66304961, -2.49767209])"
406,384,1,Eusphalerum parallelum (Sta. : Col. ),,,"array([-0.59182071, -2.45172106])"
407,46,1,EVACANTHIDAE1 (Eva. : Hem. ),,,"array([-0.38676908, -2.95973945])"
408,212,1,Ferdinandea cuprea (Syr. : Dip. ),,,"array([-0.51133462, -2.70408929])"
409,501,1,Ferusa sp. (Ten. : Hym. ),,,"array([-0.10512911, -2.45142292])"
410,580,1,FIGITIDAE1 (Fig. : Hym. ),,,"array([-0.26593835, -2.13532099])"
411,587,1,Formica japonica (For. : Hym. ),,,"array([-0.18536118, -2.67745133])"
412,588,1,Formica sp. (For. : Hym. ),,,"array([-0.00806515, -2.3712451 ])"
413,403,1,Gamepenthes similis (Ela. : Col. ),,,"array([-0.16711232, -2.82012828])"
414,404,1,Gamepenthes versipellis (Ela. : Col. ),,,"array([-0.18738408, -2.79101911])"
415,405,1,Ganoxanthus pallidus (Ela. : Col. ),,,"array([-0.43465582, -2.30968651])"
416,74,1,GRACILLARIIDAE1 (Gra. : Lep. ),,,"array([-0.13783786, -2.30979038])"
417,335,1,Graphomyia maculata (Mus. : Dip. ),,,"array([-0.3119617 , -2.51365442])"
418,368,1,Gymnosoma rotundatum (Pha. : Dip. ),,,"array([-0.37607539, -2.83282746])"
419,428,1,Harmonia axyridis (Coc. : Col. ),,,"array([-0.29715089, -3.02417191])"
420,66,1,HELIOZELIDAE1 (Hel. : Lep. ),,,"array([-0.26368062, -2.1908001 ])"
421,67,1,HELIOZELIDAE3 (Hel. : Lep. ),,,"array([ 0.03579811, -2.7645425 ])"
422,68,1,HELIOZELIDAE6 (Hel. : Lep. ),,,"array([-0.28178608, -2.85206637])"
423,213,1,Helophilus virgatus (Syr. : Dip. ),,,"array([-0.17743699, -2.49295466])"
424,502,1,Hemitaxonus japonicas (Ten. : Hym. ),,,"array([-0.01975967, -2.15672321])"
425,609,1,Hylaeus floralis (Col. : Hym. ),,,"array([-0.43792624, -2.49479267])"
426,610,1,Hylaeus globula (Col. : Hym. ),,,"array([-0.33286947, -2.67532348])"
427,611,1,Hylaeus nippon (Col. : Hym. ),,,"array([-0.08615121, -2.920164  ])"
428,537,1,ICHNEUMONIDAE1 (Ich. : Hym. ),,,"array([ 0.09655131, -2.4404708 ])"
429,538,1,ICHNEUMONIDAE105 (Ich. : Hym. ),,,"array([-0.41171883, -2.00014683])"
430,539,1,ICHNEUMONIDAE109 (Ich. : Hym. ),,,"array([-0.01707537, -2.05776307])"
431,540,1,ICHNEUMONIDAE111 (Ich. : Hym. ),,,"array([-0.52502136, -2.08507965])"
432,541,1,ICHNEUMONIDAE114 (Ich. : Hym. ),,,"array([-0.46421796, -1.9661816 ])"
433,542,1,ICHNEUMONIDAE115 (Ich. : Hym. ),,,"array([-0.71939945, -2.4973762 ])"
434,543,1,ICHNEUMONIDAE116 (Ich. : Hym. ),,,"array([ 0.024829  , -2.27965516])"
435,544,1,ICHNEUMONIDAE118 (Ich. : Hym. ),,,"array([-0.29133838, -2.11333912])"
436,545,1,ICHNEUMONIDAE120 (Ich. : Hym. ),,,"array([ 0.02850776, -2.7989703 ])"
437,546,1,ICHNEUMONIDAE122 (Ich. : Hym. ),,,"array([-0.41890582, -2.68422917])"
438,547,1,ICHNEUMONIDAE123 (Ich. : Hym. ),,,"array([-0.00693298, -2.80045247])"
439,548,1,ICHNEUMONIDAE18 (Ich. : Hym. ),,,"array([ 0.10133466, -2.50031905])"
440,549,1,ICHNEUMONIDAE30 (Ich. : Hym. ),,,"array([-0.16520024, -2.99340652])"
441,550,1,ICHNEUMONIDAE33 (Ich. : Hym. ),,,"array([-0.62504761, -2.33094024])"
442,551,1,ICHNEUMONIDAE37 (Ich. : Hym. ),,,"array([ 0.09872494, -2.47038163])"
443,552,1,ICHNEUMONIDAE38 (Ich. : Hym. ),,,"array([ 0.11981309, -2.41851608])"
444,553,1,ICHNEUMONIDAE4 (Ich. : Hym. ),,,"array([ 0.10334545, -2.7935463 ])"
445,554,1,ICHNEUMONIDAE40 (Ich. : Hym. ),,,"array([ 0.10368711, -2.7382067 ])"
446,555,1,ICHNEUMONIDAE44 (Ich. : Hym. ),,,"array([-0.06206937, -2.89359421])"
447,556,1,ICHNEUMONIDAE48 (Ich. : Hym. ),,,"array([-0.53562964, -2.74582327])"
448,557,1,ICHNEUMONIDAE49 (Ich. : Hym. ),,,"array([-0.42089904, -1.90038346])"
449,558,1,ICHNEUMONIDAE51 (Ich. : Hym. ),,,"array([-0.50944362, -2.02907026])"
450,559,1,ICHNEUMONIDAE53 (Ich. : Hym. ),,,"array([-0.14969598, -2.89453794])"
451,560,1,ICHNEUMONIDAE55 (Ich. : Hym. ),,,"array([-0.43887267, -2.81133415])"
452,561,1,ICHNEUMONIDAE64 (Ich. : Hym. ),,,"array([-0.14582403, -2.85568753])"
453,562,1,ICHNEUMONIDAE65 (Ich. : Hym. ),,,"array([-0.53085366, -2.8257903 ])"
454,563,1,ICHNEUMONIDAE73 (Ich. : Hym. ),,,"array([-0.07867102, -2.04160255])"
455,564,1,ICHNEUMONIDAE74 (Ich. : Hym. ),,,"array([ 0.01080256, -2.82577008])"
456,565,1,ICHNEUMONIDAE76 (Ich. : Hym. ),,,"array([-0.49298219, -2.05786352])"
457,566,1,ICHNEUMONIDAE82 (Ich. : Hym. ),,,"array([-0.03241362, -2.88650928])"
458,567,1,ICHNEUMONIDAE85 (Ich. : Hym. ),,,"array([-0.46324191, -2.41429716])"
459,568,1,ICHNEUMONIDAE87 (Ich. : Hym. ),,,"array([-0.38914073, -2.04274571])"
460,569,1,ICHNEUMONIDAE88 (Ich. : Hym. ),,,"array([-0.61913566, -2.42967307])"
461,570,1,ICHNEUMONIDAE91 (Ich. : Hym. ),,,"array([-0.41292606, -2.02757104])"
462,571,1,ICHNEUMONIDAE94 (Ich. : Hym. ),,,"array([-0.67983433, -2.39595214])"
463,572,1,ICHNEUMONIDAE96 (Ich. : Hym. ),,,"array([ 0.03602696, -2.21243727])"
464,455,1,Idiostrangalia contracta (Cer. : Col. ),,,"array([-0.36792915, -2.72846651])"
465,214,1,Imatisma abdominalis (Syr. : Dip. ),,,"array([-0.32468614, -2.70958574])"
466,215,1,Imatisma dimorpha (Syr. : Dip. ),,,"array([-0.42877472, -2.783364  ])"
467,216,1,Imatisma sp. (Syr. : Dip. ),,,"array([-0.5193065 , -2.79743156])"
468,456,1,Japanostrangalia deutatipennis (Cer. : Col. ),,,"array([-0.24578032, -2.61124613])"
469,86,1,Japonica luter (Lyc. : Lep. ),,,"array([-0.51187592, -2.50909725])"
470,431,1,Lagria nigricollis (Lag. : Col. ),,,"array([ 0.06292123, -2.66999293])"
471,612,1,"Lasioglossum (\""Dialictus\"") problematicum (Hal. : Hym. )",,,"array([-0.26195552, -2.36793231])"
472,613,1,"Lasioglossum (\""Dialictus\"") sp.2 (Hal. : Hym. )",,,"array([-0.33925364, -2.4321912 ])"
473,614,1,Lasioglossum (Carinate Evylaeus) duplex (Hal. : Hym. ),,,"array([-0.25909364, -2.58481901])"
474,615,1,Lasioglossum (Ctenonomia) sp.1 (Hal. : Hym. ),,,"array([-0.15134896, -2.17487963])"
475,616,1,Lasioglossum (El.) japonicum (Hal. : Hym. ),,,"array([-0.21825701, -2.4946319 ])"
476,617,1,Lasioglossum (El.) sexstrigatum (Hal. : Hym. ),,,"array([-0.04620354, -2.93242646])"
477,618,1,Lasioglossum (El.) sp.25 (Hal. : Hym. ),,,"array([-0.40691993, -2.62728359])"
478,619,1,Lasioglossum (El.) sp.5 (Hal. : Hym. ),,,"array([-0.20758105, -2.69630989])"
479,620,1,Lasioglossum (El.) taniolellum (Hal. : Hym. ),,,"array([-0.62590936, -2.91632658])"
480,621,1,Lasioglossum (El.) transpositum (Hal. : Hym. ),,,"array([-0.35046276, -2.40248114])"
481,622,1,Lasioglossum (Et.) apristum (Hal. : Hym. ),,,"array([-0.35278826, -2.49597992])"
482,623,1,Lasioglossum (Et.) baleicum (Hal. : Hym. ),,,"array([-0.49541878, -2.81269053])"
483,624,1,Lasioglossum (Lasioglossum) exiliceps (Hal. : Hym. ),,,"array([-0.31108281, -2.39836963])"
484,625,1,Lasioglossum (Lasioglossum) kansuense (Hal. : Hym. ),,,"array([-0.11720235, -2.56399682])"
485,626,1,Lasioglossum (Lasioglossum) occidens (Hal. : Hym. ),,,"array([-0.17410713, -2.54502422])"
486,627,1,Lasioglossum (Lasioglossum) proximatum (Hal. : Hym. ),,,"array([-0.26698897, -2.25732313])"
487,628,1,Lasioglossum (Lasioglossum) sp.3 (Hal. : Hym. ),,,"array([-0.21310167, -2.54484005])"
488,629,1,Lasioglossum (Lasioglossum) sp.6 (Hal. : Hym. ),,,"array([-0.41304852, -2.55272394])"
489,589,1,Lasius niger (For. : Hym. ),,,"array([-0.33074342, -2.47644486])"
490,257,1,LAUXANIIDAE10 (Lau. : Dip. ),,,"array([-0.32267977, -2.15897701])"
491,258,1,LAUXANIIDAE11 (Lau. : Dip. ),,,"array([-0.26606269, -2.00616882])"
492,259,1,LAUXANIIDAE12 (Lau. : Dip. ),,,"array([-0.57337366, -2.07125754])"
493,260,1,LAUXANIIDAE13 (Lau. : Dip. ),,,"array([-0.38765507, -2.01631214])"
494,261,1,LAUXANIIDAE14 (Lau. : Dip. ),,,"array([-0.38921717, -2.07232324])"
495,262,1,LAUXANIIDAE15 (Lau. : Dip. ),,,"array([-0.02689516, -2.09818149])"
496,263,1,LAUXANIIDAE16 (Lau. : Dip. ),,,"array([-0.72958325, -2.43565583])"
497,264,1,LAUXANIIDAE2 (Lau. : Dip. ),,,"array([-0.64367215, -2.52316961])"
498,265,1,LAUXANIIDAE5 (Lau. : Dip. ),,,"array([ 0.18442798, -2.51529176])"
499,266,1,LAUXANIIDAE9 (Lau. : Dip. ),,,"array([-0.32784868, -2.32018969])"
500,457,1,Leptura aethiops (Cer. : Col. ),,,"array([-0.08413018, -2.34302206])"
501,458,1,Leptura arcuata (Cer. : Col. ),,,"array([-0.51672158, -2.47916057])"
502,459,1,Leptura ochraceofasciata (Cer. : Col. ),,,"array([-0.38862511, -2.69880979])"
503,480,1,Linoetis coeruleipennis (Chr. : Col. ),,,"array([-0.24721227, -2.23058946])"
504,503,1,Loderus eversmanini obscurus (Ten. : Hym. ),,,"array([-0.08067944, -2.27079637])"
505,267,1,LONCHAEIDAE11 (Lon. : Dip. ),,,"array([-0.68451864, -2.26223294])"
506,268,1,LONCHAEIDAE3 (Lon. : Dip. ),,,"array([-0.57410499, -2.21562306])"
507,269,1,LONCHAEIDAE4 (Lon. : Dip. ),,,"array([-0.05021809, -1.94101527])"
508,270,1,LONCHAEIDAE8 (Lon. : Dip. ),,,"array([-0.2750298, -2.8835711])"
509,271,1,LONCHAEIDAE9 (Lon. : Dip. ),,,"array([-0.33551579, -1.96317325])"
510,185,1,LONCHOPTERIDAE1 (Lon. : Dip. ),,,"array([-0.4910866 , -2.20106984])"
511,186,1,LONCHOPTERIDAE2 (Lon. : Dip. ),,,"array([-0.46146898, -1.99160173])"
512,410,1,Lucidina accensa (Lam. : Col. ),,,"array([-0.35983465, -2.87784472])"
513,432,1,Macrolagria rufobrunnea (Lag. : Col. ),,,"array([-0.11733673, -2.22302215])"
514,412,1,Malthodes sulcicollis (Can. : Col. ),,,"array([-0.20582287, -2.04173342])"
515,217,1,Mashumyia ferdinandi (Syr. : Dip. ),,,"array([-0.58464747, -2.91680292])"
516,58,1,MECOPTERA2 (Mec. : Mec. ),,,"array([-0.47167391, -2.30032222])"
517,59,1,MECOPTERA3 (Mec. : Mec. ),,,"array([-0.52971342, -2.32895175])"
518,60,1,MECOPTERA4 (Mec. : Mec. ),,,"array([-0.517346  , -2.26474975])"
519,61,1,MECOPTERA5 (Mec. : Mec. ),,,"array([-0.41538154, -2.28260318])"
520,653,1,Megachile remota sakagamii (Meg. : Hym. ),,,"array([ 0.10769302, -2.68140315])"
521,654,1,Megachile tsurugensis (Meg. : Hym. ),,,"array([-0.2672185 , -2.74627268])"
522,385,1,Megalopaederus lewsi (Sta. : Col. ),,,"array([-0.55394699, -2.44336151])"
523,218,1,Megaspis zonata (Syr. : Dip. ),,,"array([-0.13999233, -2.5739084 ])"
524,219,1,Melanostoma scalare (Syr. : Dip. ),,,"array([-0.31793683, -2.44629539])"
525,406,1,Melanotus annosus (Ela. : Col. ),,,"array([-0.46227355, -2.51208558])"
526,220,1,Meluscaeva cinctella (Syr. : Dip. ),,,"array([-0.46382817, -2.79842255])"
527,23,1,Menida scotti (Pen. : Hem. ),,,"array([-0.09600675, -2.19869334])"
528,24,1,Menida violacea (Pen. : Hem. ),,,"array([-0.2987134 , -2.45607249])"
529,221,1,Metasyrphus corollae (Syr. : Dip. ),,,"array([-0.07409667, -2.37045014])"
530,222,1,Metasyrphus nintens (Syr. : Dip. ),,,"array([-0.08930994, -2.40181121])"
531,494,1,Metialina sp. (Cur. : Col. ),,,"array([-0.53706695, -2.03819076])"
532,413,1,Micadocantharis japonica (Can. : Col. ),,,"array([-0.5877277 , -2.24573224])"
533,223,1,Microdon auricomus (Syr. : Dip. ),,,"array([-0.11453884, -2.29027719])"
534,224,1,Microdon simplex (Syr. : Dip. ),,,"array([-0.33487736, -2.73729766])"
535,225,1,Milesia undulata (Syr. : Dip. ),,,"array([ 0.14093595, -2.64070636])"
536,30,1,MIRIDAE10 (Mir. : Hem. ),,,"array([-0.44469331, -2.28638874])"
537,31,1,MIRIDAE13 (Mir. : Hem. ),,,"array([-0.39744656, -2.73323672])"
538,32,1,MIRIDAE14 (Mir. : Hem. ),,,"array([-0.43577801, -2.53375817])"
539,33,1,MIRIDAE15 (Mir. : Hem. ),,,"array([-0.61587589, -2.8801023 ])"
540,34,1,MIRIDAE18 (Mir. : Hem. ),,,"array([-0.31999446, -2.54239419])"
541,35,1,MIRIDAE20 (Mir. : Hem. ),,,"array([-0.59927725, -2.09010432])"
542,36,1,MIRIDAE21 (Mir. : Hem. ),,,"array([-0.55190272, -2.0892385 ])"
543,37,1,MIRIDAE3 (Mir. : Hem. ),,,"array([-0.36907699, -2.28940869])"
544,38,1,MIRIDAE4 (Mir. : Hem. ),,,"array([-0.4207933 , -2.59609669])"
545,39,1,MIRIDAE7 (Mir. : Hem. ),,,"array([-0.16306915, -2.10304524])"
546,40,1,MIRIDAE8 (Mir. : Hem. ),,,"array([-0.13864993, -2.33908033])"
547,481,1,Monolepta pallidula (Chr. : Col. ),,,"array([ 0.13171259, -2.48618453])"
548,435,1,Mordellina sp. (Mor. : Col. ),,,"array([-0.83300447, -2.23960311])"
549,436,1,Mordellistena sp. (Mor. : Col. ),,,"array([-0.36885143, -2.45831948])"
550,336,1,MUSCIDAE3 (Mus. : Dip. ),,,"array([-0.65904487, -2.46843922])"
551,91,1,MYCETOPHILIDAE10 (Myc. : Dip. ),,,"array([-0.31181746, -1.94633339])"
552,92,1,MYCETOPHILIDAE11 (Myc. : Dip. ),,,"array([-0.36365073, -2.05771136])"
553,93,1,MYCETOPHILIDAE12 (Myc. : Dip. ),,,"array([-0.33542646, -1.9894639 ])"
554,94,1,MYCETOPHILIDAE13 (Myc. : Dip. ),,,"array([-0.61344369, -2.260111  ])"
555,95,1,MYCETOPHILIDAE14 (Myc. : Dip. ),,,"array([-0.44837981, -2.17602148])"
556,96,1,MYCETOPHILIDAE15 (Myc. : Dip. ),,,"array([-0.26066727, -2.10335507])"
557,97,1,MYCETOPHILIDAE16 (Myc. : Dip. ),,,"array([-0.46667313, -1.93834578])"
558,98,1,MYCETOPHILIDAE2 (Myc. : Dip. ),,,"array([-0.63381409, -2.49193695])"
559,99,1,MYCETOPHILIDAE6 (Myc. : Dip. ),,,"array([-0.3508284 , -2.14252631])"
560,100,1,MYCETOPHILIDAE8 (Myc. : Dip. ),,,"array([-0.28457544, -1.95959792])"
561,101,1,MYCETOPHILIDAE9 (Myc. : Dip. ),,,"array([-0.41891177, -2.08885961])"
562,226,1,Neoascia sp. (Syr. : Dip. ),,,"array([-0.60981098, -2.36109238])"
563,65,1,NEPTICULIDAE1 (Nep. : Lep. ),,,"array([-0.12379611, -2.1889346 ])"
564,57,1,NEUROPTERA4 (Neu. : Neu. ),,,"array([-0.36674628, -2.93421766])"
565,390,1,Nipponovalgus angusticollis (Sca. : Col. ),,,"array([-0.03106356, -2.50306172])"
566,425,1,NITIDULIDAE11 (Nit. : Col. ),,,"array([-0.56813539, -2.61886957])"
567,426,1,NITIDULIDAE6 (Nit. : Col. ),,,"array([-0.22036289, -2.88431176])"
568,663,1,Nomada galloisi (Ant. : Hym. ),,,"array([-0.17882286, -2.86117531])"
569,664,1,Nomada ginran (Ant. : Hym. ),,,"array([-0.36502035, -2.36694951])"
570,665,1,Nomada hakonensis (Ant. : Hym. ),,,"array([-0.05227548, -2.26141083])"
571,666,1,Nomada pacifica (Ant. : Hym. ),,,"array([-0.20571358, -2.31643034])"
572,482,1,Nonartha cyaneum (Chr. : Col. ),,,"array([-0.30187149, -2.48743629])"
573,26,1,Nysius sp. (Lyg. : Hem. ),,,"array([-0.19699641, -2.56523172])"
574,440,1,Oedemeronia lucidicollis (Oed. : Col. ),,,"array([-0.48123136, -2.53100225])"
575,441,1,Oedemeronia manicata (Oed. : Col. ),,,"array([-0.38752052, -2.34900674])"
576,442,1,Oncomerella venosa (Oed. : Col. ),,,"array([-0.24739755, -2.16955304])"
577,41,1,Onomaus lautus (Mir. : Hem. ),,,"array([-0.06613233, -2.76582594])"
578,17,1,ORTHOPTERA1 (Ort. : Ort. ),,,"array([-0.60372113, -2.78033069])"
579,18,1,ORTHOPTERA10 (Ort. : Ort. ),,,"array([-0.08350026, -2.46738617])"
580,19,1,ORTHOPTERA3 (Ort. : Ort. ),,,"array([-0.24729156, -2.89241804])"
581,20,1,ORTHOPTERA6 (Ort. : Ort. ),,,"array([-0.43622586, -2.65179707])"
582,655,1,Osmia orientalis (Meg. : Hym. ),,,"array([-0.05774218, -2.29463073])"
583,656,1,Osmia taurus (Meg. : Hym. ),,,"array([-0.14891044, -2.27997887])"
584,391,1,Oxycetonia jucunda (Sca. : Col. ),,,"array([-0.03559356, -2.53245907])"
585,504,1,Pachyprotasis tanakai (Ten. : Hym. ),,,"array([-0.59174213, -2.03408628])"
586,227,1,Paragus jozanus (Syr. : Dip. ),,,"array([ 0.04355496, -1.07426006])"
587,228,1,Paragus tibialis (Syr. : Dip. ),,,"array([-0.03321394, -2.41584726])"
588,460,1,Parastrangalis nymphula (Cer. : Col. ),,,"array([-0.27763684, -2.66539968])"
589,590,1,Paratrechina flavipes (For. : Hym. ),,,"array([-0.0217887 , -2.82958641])"
590,392,1,Paratrichius doentzi (Sca. : Col. ),,,"array([-0.3278501, -2.9656068])"
591,393,1,Paratrichius septemdecimguttatus (Sca. : Col. ),,,"array([-0.02284497, -2.76953747])"
592,82,1,Parnara guttata (Hes. : Lep. ),,,"array([-0.11911491, -2.66695194])"
593,83,1,Parnassius glacialis (Pap. : Lep. ),,,"array([-0.05030636, -2.35226137])"
594,140,1,Pecticus tenebrifer (Str. : Dip. ),,,"array([-0.37480822, -2.90321542])"
595,383,1,Pelatines striatipennis (Sil. : Col. ),,,"array([-0.14640209, -2.21042359])"
596,25,1,Pentatoma japonica (Pen. : Hem. ),,,"array([-0.30452935, -2.87945978])"
597,147,1,Philopota nigroaenea (Acr. : Dip. ),,,"array([-0.33676781, -2.37452181])"
598,187,1,PHORIDAE1 (Pho. : Dip. ),,,"array([ 0.06241614, -2.34678356])"
599,394,1,Phyllopertha irregularis (Sca. : Col. ),,,"array([-0.49337812, -2.463508  ])"
600,461,1,Pidonia aegrota (Cer. : Col. ),,,"array([-0.43540535, -2.75453992])"
601,462,1,Pidonia discoidalis (Cer. : Col. ),,,"array([-0.56245024, -2.39268532])"
602,463,1,Pidonia puziloi (Cer. : Col. ),,,"array([-0.64701993, -2.44020921])"
603,464,1,Pidonia signifera (Cer. : Col. ),,,"array([-0.39022899, -2.39461598])"
604,465,1,Pidonia yamato (Cer. : Col. ),,,"array([-0.59739855, -2.3885029 ])"
605,84,1,Pieris rapae (Pie. : Lep. ),,,"array([-0.49521548, -2.60554384])"
606,229,1,Pipiza familiaris (Syr. : Dip. ),,,"array([-0.57201617, -2.10580951])"
607,230,1,Pipiza inornata (Syr. : Dip. ),,,"array([-0.14972214, -2.68634586])"
608,188,1,PIPUNCULIDAE3 (Pip. : Dip. ),,,"array([-0.26131   , -2.91656159])"
609,418,1,Plateros sp. (Lyc. : Col. ),,,"array([-0.24843055, -2.72921554])"
610,585,1,PLATYGASTERIDAE1 (Pla. : Hym. ),,,"array([-0.21993286, -2.91476688])"
611,15,1,PLECOPTERA10 (Ple. : Ple. ),,,"array([-0.44499697, -2.24618666])"
612,16,1,PLECOPTERA2 (Ple. : Ple. ),,,"array([-0.05500657, -2.07375672])"
613,414,1,Podabrus temporalis (Can. : Col. ),,,"array([-0.30127271, -2.2869751 ])"
614,395,1,Popillia japonica (Sca. : Col. ),,,"array([-0.03855079, -2.58774015])"
615,591,1,Pristomyrmex punger (For. : Hym. ),,,"array([-0.22631255, -2.85545438])"
616,584,1,PROCTOTRUPIDAE1 (Pro. : Hym. ),,,"array([ 0.18398182, -2.22428087])"
617,415,1,Prothemus ciusianus (Can. : Col. ),,,"array([-0.35575396, -2.34195824])"
618,466,1,Pseudaosterna misella (Cer. : Col. ),,,"array([ 0.02852206, -2.84924932])"
619,89,1,Psychostrophia melanargia (Epi. : Lep. ),,,"array([-0.68542577, -2.83534833])"
620,121,1,PSYCODIDAE1 (Psy. : Dip. ),,,"array([ 0.19193251, -2.62039996])"
621,56,1,PSYLLIDAE1 (Psy. : Hem. ),,,"array([-0.48488743, -2.3896106 ])"
622,574,1,PTEROMALIDAE10 (Pte. : Hym. ),,,"array([-0.4163627 , -2.94730561])"
623,575,1,PTEROMALIDAE2 (Pte. : Hym. ),,,"array([-0.11107739, -2.32383621])"
624,576,1,PTEROMALIDAE3 (Pte. : Hym. ),,,"array([-0.0927974 , -2.88773407])"
625,577,1,PTEROMALIDAE6 (Pte. : Hym. ),,,"array([-0.29821602, -2.96168139])"
626,578,1,PTEROMALIDAE9 (Pte. : Hym. ),,,"array([-0.05890486, -2.00243585])"
627,76,1,PYRALIDAE2 (Pyr. : Lep. ),,,"array([-0.10534299, -2.85703504])"
628,77,1,PYRALIDAE3 (Pyr. : Lep. ),,,"array([ 0.00837639, -2.77364905])"
629,78,1,PYRALIDAE4 (Pyr. : Lep. ),,,"array([-0.03748612, -2.79978623])"
630,79,1,PYRALIDAE5 (Pyr. : Lep. ),,,"array([-0.65645454, -2.71513366])"
631,80,1,PYRALIDAE9 (Pyr. : Lep. ),,,"array([-0.26065941, -1.97861796])"
632,434,1,PYROCHROIDAE1 (Pyr. : Col. ),,,"array([-0.33559497, -2.071307  ])"
633,467,1,Pyrrhona laeticolor (Cer. : Col. ),,,"array([-0.53788885, -2.29775898])"
634,141,1,RHAGIONIDAE1 (Rha. : Dip. ),,,"array([-0.48307241, -2.74928209])"
635,231,1,Rhingia laevigata (Syr. : Dip. ),,,"array([ 0.01271626, -2.57594148])"
636,607,1,Rhopalum (Latrorhopalum) latronum (Sph. : Hym. ),,,"array([-0.3139126 , -2.60618599])"
637,374,1,SARCOPHAGIDAE11 (Sar. : Dip. ),,,"array([-0.26558003, -2.06466816])"
638,375,1,SARCOPHAGIDAE13 (Sar. : Dip. ),,,"array([-0.27918879, -2.77795338])"
639,376,1,SARCOPHAGIDAE19 (Sar. : Dip. ),,,"array([-0.05747458, -2.43217318])"
640,377,1,SARCOPHAGIDAE21 (Sar. : Dip. ),,,"array([-0.26113251, -2.0353386 ])"
641,378,1,SARCOPHAGIDAE23 (Sar. : Dip. ),,,"array([-0.53778439, -2.71527946])"
642,379,1,SARCOPHAGIDAE26 (Sar. : Dip. ),,,"array([-0.3383027 , -2.04274919])"
643,380,1,SARCOPHAGIDAE4 (Sar. : Dip. ),,,"array([-0.29082609, -2.54051226])"
644,381,1,SARCOPHAGIDAE5 (Sar. : Dip. ),,,"array([ 0.00498214, -2.33947101])"
645,306,1,SCATOPHAGIDAE1 (Sca. : Dip. ),,,"array([-0.5782178 , -2.41584373])"
646,120,1,SCATOPSIDAE1 (Sca. : Dip. ),,,"array([-0.0438591 , -2.03666437])"
647,468,1,Schwarzerium quadricolle (Cer. : Col. ),,,"array([-0.31417603, -2.93303045])"
648,107,1,SCIARIDAE10 (Sci. : Dip. ),,,"array([-0.17436614, -2.19866788])"
649,108,1,SCIARIDAE11 (Sci. : Dip. ),,,"array([-0.50886004, -2.16806377])"
650,109,1,SCIARIDAE12 (Sci. : Dip. ),,,"array([-0.38561784, -1.90177036])"
651,110,1,SCIARIDAE13 (Sci. : Dip. ),,,"array([-0.44147572, -1.94798294])"
652,111,1,SCIARIDAE2 (Sci. : Dip. ),,,"array([-0.20183357, -2.35176724])"
653,112,1,SCIARIDAE3 (Sci. : Dip. ),,,"array([-0.49902604, -2.13912829])"
654,113,1,SCIARIDAE4 (Sci. : Dip. ),,,"array([ 0.22148047, -2.55420174])"
655,114,1,SCIARIDAE7 (Sci. : Dip. ),,,"array([-0.55602069, -2.01569497])"
656,115,1,SCIARIDAE9 (Sci. : Dip. ),,,"array([-0.20453349, -2.18945549])"
657,396,1,Sericania fulgida (Sca. : Col. ),,,"array([-0.61402817, -2.51979815])"
658,397,1,Sericania fuscolineata (Sca. : Col. ),,,"array([-0.57913762, -2.36288818])"
659,232,1,Sericomyia japonica (Syr. : Dip. ),,,"array([-0.47002686, -2.82833659])"
660,233,1,Sphegina sp.4 (Syr. : Dip. ),,,"array([-0.69464949, -2.29530688])"
661,234,1,Sphaerophoria macrogaster (Syr. : Dip. ),,,"array([-0.25243026, -2.31183811])"
662,235,1,Sphaerophoria menthastri (Syr. : Dip. ),,,"array([-0.26511742, -2.53487304])"
663,630,1,Sphecodes sp.a (Hal. : Hym. ),,,"array([-0.39886041, -2.57485864])"
664,236,1,Sphegina sp.1 (Syr. : Dip. ),,,"array([ 0.05911889, -2.78914898])"
665,237,1,Sphegina sp.2 (Syr. : Dip. ),,,"array([-0.4613611 , -2.09926643])"
666,238,1,Sphegina sp.3 (Syr. : Dip. ),,,"array([-0.68123653, -2.32381934])"
667,608,1,Sphex maidli (Sph. : Hym. ),,,"array([ 0.17514294, -2.58521596])"
668,90,1,SPHINGIDAE3 (Sph. : Lep. ),,,"array([-0.35824052, -2.6940226 ])"
669,469,1,Stenocorus caeruleipennis (Cer. : Col. ),,,"array([-0.53885165, -2.41896165])"
670,594,1,Stenodynerus tokyanus tokyanus (Ves. : Hym. ),,,"array([ 0.10808125, -2.5514947 ])"
671,483,1,Stenoluperus nipponensis (Chr. : Col. ),,,"array([-0.42835739, -2.40215812])"
672,470,1,Strangalomorpha tenuis (Cer. : Col. ),,,"array([-0.5577292 , -2.33946892])"
673,505,1,Strogylogaster lineata (Ten. : Hym. ),,,"array([-0.06420834, -2.32574588])"
674,506,1,Strombocerina koebelei (Ten. : Hym. ),,,"array([-0.44066121, -2.61824966])"
675,595,1,Symmorphus cliens (Ves. : Hym. ),,,"array([-0.6606381 , -2.41400608])"
676,484,1,Syreta adamsi (Chr. : Col. ),,,"array([-0.59157494, -2.59938784])"
677,239,1,Syritta pipiens (Syr. : Dip. ),,,"array([-0.19604257, -2.71975266])"
678,240,1,Syrphus vitripennis (Syr. : Dip. ),,,"array([-0.39914267, -2.31182975])"
679,143,1,Tabanus iyoensis (Tab. : Dip. ),,,"array([-0.5084276 , -2.73320411])"
680,337,1,TACHINIDAE11 (Tac. : Dip. ),,,"array([ 0.0262682 , -2.47457335])"
681,338,1,TACHINIDAE14 (Tac. : Dip. ),,,"array([-0.00629305, -2.53620788])"
682,339,1,TACHINIDAE15 (Tac. : Dip. ),,,"array([-0.20726884, -2.99344879])"
683,340,1,TACHINIDAE18 (Tac. : Dip. ),,,"array([-0.41452919, -1.94897265])"
684,341,1,TACHINIDAE21 (Tac. : Dip. ),,,"array([-0.02180566, -2.56233924])"
685,342,1,TACHINIDAE22 (Tac. : Dip. ),,,"array([-0.44229992, -2.07716697])"
686,343,1,TACHINIDAE25 (Tac. : Dip. ),,,"array([-0.3560966 , -2.80224934])"
687,344,1,TACHINIDAE26 (Tac. : Dip. ),,,"array([-0.25017339, -2.78623598])"
688,345,1,TACHINIDAE30 (Tac. : Dip. ),,,"array([-0.63812381, -2.78294569])"
689,346,1,TACHINIDAE37 (Tac. : Dip. ),,,"array([-0.63955032, -2.62588428])"
690,347,1,TACHINIDAE45 (Tac. : Dip. ),,,"array([-0.12522402, -2.83135908])"
691,348,1,TACHINIDAE46 (Tac. : Dip. ),,,"array([ 0.14593848, -2.21704842])"
692,349,1,TACHINIDAE49 (Tac. : Dip. ),,,"array([-0.4883687 , -2.43245929])"
693,350,1,TACHINIDAE5 (Tac. : Dip. ),,,"array([-0.26105911, -2.81466083])"
694,351,1,TACHINIDAE53 (Tac. : Dip. ),,,"array([-0.58210394, -2.0064591 ])"
695,352,1,TACHINIDAE58 (Tac. : Dip. ),,,"array([-0.11270562, -2.76556741])"
696,353,1,TACHINIDAE6 (Tac. : Dip. ),,,"array([-0.67761251, -2.36622498])"
697,354,1,TACHINIDAE61 (Tac. : Dip. ),,,"array([-0.08435563, -2.17132983])"
698,355,1,TACHINIDAE63 (Tac. : Dip. ),,,"array([-0.41373183, -2.05843832])"
699,356,1,TACHINIDAE65 (Tac. : Dip. ),,,"array([-0.0459748, -2.8589822])"
700,357,1,TACHINIDAE68 (Tac. : Dip. ),,,"array([-0.36628929, -1.92224551])"
701,358,1,TACHINIDAE7 (Tac. : Dip. ),,,"array([-0.51319324, -1.97041352])"
702,359,1,TACHINIDAE73 (Tac. : Dip. ),,,"array([-0.70219953, -2.53178391])"
703,360,1,TACHINIDAE76 (Tac. : Dip. ),,,"array([-0.28549009, -2.04647268])"
704,361,1,TACHINIDAE79 (Tac. : Dip. ),,,"array([-0.18803012, -2.16370298])"
705,362,1,TACHINIDAE85 (Tac. : Dip. ),,,"array([-0.55414644, -2.16112811])"
706,363,1,TACHINIDAE88 (Tac. : Dip. ),,,"array([-0.43494816, -1.92446825])"
707,364,1,TACHINIDAE89 (Tac. : Dip. ),,,"array([-0.46962186, -2.27073802])"
708,365,1,TACHINIDAE90 (Tac. : Dip. ),,,"array([-0.2314947 , -1.97837899])"
709,366,1,TACHINIDAE91 (Tac. : Dip. ),,,"array([-0.34611055, -2.84615958])"
710,386,1,Tachinus sp. (Sta. : Col. ),,,"array([-0.13691304, -2.544007  ])"
711,241,1,Takaomyia johannis (Syr. : Dip. ),,,"array([-0.56281898, -2.73507465])"
712,242,1,Takaomyia sexmaculata (Syr. : Dip. ),,,"array([-0.56648463, -2.30802528])"
713,507,1,Taxonus fulvicornis (Ten. : Hym. ),,,"array([ 0.07233594, -2.42193555])"
714,243,1,Temnostoma fumosa (Syr. : Dip. ),,,"array([-0.60635049, -2.22126029])"
715,508,1,Tenthredinidae sp.?1 (Ten. : Hym. ),,,"array([ 0.00701994, -2.0800894 ])"
716,509,1,Tenthredo convagennata (Ten. : Hym. ),,,"array([-0.08841168, -2.30646393])"
717,510,1,Tenthredo fukaii (Ten. : Hym. ),,,"array([-0.59778689, -2.48833783])"
718,511,1,Tenthredo sp. (Ten. : Hym. ),,,"array([-0.17126518, -2.70326896])"
719,252,1,TEPHRITIDAE1 (Tep. : Dip. ),,,"array([-0.65317444, -2.8542188 ])"
720,253,1,TEPHRITIDAE12 (Tep. : Dip. ),,,"array([-0.43401619, -2.8871364 ])"
721,254,1,TEPHRITIDAE3 (Tep. : Dip. ),,,"array([-0.13798375, -2.36972955])"
722,255,1,TEPHRITIDAE7 (Tep. : Dip. ),,,"array([ 0.2143815 , -2.58930648])"
723,256,1,TEPHRITIDAE9 (Tep. : Dip. ),,,"array([-0.34579426, -1.90448646])"
724,657,1,Tetralonia mitsukurii (Ant. : Hym. ),,,"array([ 0.04223951, -2.5715617 ])"
725,658,1,Tetralonia nipponens (Ant. : Hym. ),,,"array([-0.10426918, -2.37851659])"
726,45,1,TETTIGELLIDAE2 (Tet. : Hem. ),,,"array([-0.64084576, -2.5540463 ])"
727,122,1,TIPULIDAE10 (Tip. : Dip. ),,,"array([-0.02189128, -2.00819635])"
728,123,1,TIPULIDAE12 (Tip. : Dip. ),,,"array([-0.2112779 , -2.07216724])"
729,124,1,TIPULIDAE14 (Tip. : Dip. ),,,"array([-0.28114141, -2.08569718])"
730,125,1,TIPULIDAE17 (Tip. : Dip. ),,,"array([-0.41889749, -2.15665722])"
731,126,1,TIPULIDAE18 (Tip. : Dip. ),,,"array([-0.313535  , -2.05084089])"
732,127,1,TIPULIDAE2 (Tip. : Dip. ),,,"array([-0.29654624, -2.25569647])"
733,128,1,TIPULIDAE20 (Tip. : Dip. ),,,"array([-0.31307665, -2.02560257])"
734,129,1,TIPULIDAE21 (Tip. : Dip. ),,,"array([-0.33744556, -2.01491748])"
735,130,1,TIPULIDAE3 (Tip. : Dip. ),,,"array([-0.40413934, -1.92417131])"
736,131,1,TIPULIDAE7 (Tip. : Dip. ),,,"array([ 0.07064489, -2.56249149])"
737,132,1,TIPULIDAE9 (Tip. : Dip. ),,,"array([-0.41384418, -2.12199984])"
738,69,1,TISCHERIIDAE1 (Tis. : Lep. ),,,"array([-0.06459512, -2.20797897])"
739,70,1,TISCHERIIDAE2 (Tis. : Lep. ),,,"array([-0.58875933, -2.33228149])"
740,44,1,TOMASPIDIDAE1 (Tom. : Hem. ),,,"array([-0.54137161, -2.49994324])"
741,71,1,TORTRICIDAE2 (Tor. : Lep. ),,,"array([-0.42051652, -2.71141621])"
742,72,1,TORTRICIDAE3 (Tor. : Lep. ),,,"array([-0.50961129, -2.41299879])"
743,73,1,TORTRICIDAE4 (Tor. : Lep. ),,,"array([-0.69212974, -2.50212171])"
744,409,1,Trachys saundersi (Bup. : Col. ),,,"array([-0.24710253, -2.65091201])"
745,416,1,Tremus cyanipennis (Can. : Col. ),,,"array([-0.50048406, -2.36440541])"
746,485,1,Tricholochmaea semifulva (Chr. : Col. ),,,"array([-0.62771299, -2.59417383])"
747,62,1,TRICHOPTERA11 (Tri. : Tri. ),,,"array([ 0.03066405, -2.05237709])"
748,63,1,TRICHOPTERA15 (Tri. : Tri. ),,,"array([-0.38171638, -2.86173502])"
749,64,1,TRICHOPTERA6 (Tri. : Tri. ),,,"array([-0.65350807, -2.3392049 ])"
750,87,1,Vanessa indica (Nym. : Lep. ),,,"array([ 0.07715594, -2.59294491])"
751,596,1,Vespa xanthoptera (Ves. : Hym. ),,,"array([-0.3428188 , -2.62003485])"
752,597,1,Vespula schrenckii (Ves. : Hym. ),,,"array([ 0.15054675, -2.67411162])"
753,598,1,Vespula vulgaris (Ves. : Hym. ),,,"array([ 0.09402906, -2.39525843])"
754,407,1,Vuilletus viridissllis (Ela. : Col. ),,,"array([-0.13129644, -2.1402078 ])"
755,443,1,Xanthochroa ainu (Oed. : Col. ),,,"array([-0.44022986, -2.85447849])"
756,444,1,Xanthochroa deformis (Oed. : Col. ),,,"array([-0.29298995, -2.90657355])"
757,445,1,Xanthochroa luteipennis (Oed. : Col. ),,,"array([-0.33188723, -2.87448673])"
758,446,1,Xanthochroa waterhousei (Oed. : Col. ),,,"array([-0.39704006, -2.88863203])"
759,421,1,Xerasia variegata (Byt. : Col. ),,,"array([-0.70436529, -2.45115694])"
760,244,1,Xylota coquilletti (Syr. : Dip. ),,,"array([-0.46172269, -2.76945123])"
761,245,1,Xylota frontaris (Syr. : Dip. ),,,"array([-0.58341046, -2.71584797])"
762,246,1,Xylota simplex (Syr. : Dip. ),,,"array([-0.55823151, -2.69399053])"
763,515,1,Zaraea fasciata (Cim. : Hym. ),,,"array([-0.16133584, -2.14755034])"
764,486,1,Zeugophora annulata (Chr. : Col. ),,,"array([-0.37591892, -2.50664131])"
765,75,1,ZYGAENIDAE1 (Zyg. : Lep. ),,,"array([ 0.06370244, -2.75263343])"
766,674,1,Cheilosia sp.8 (Syr. : Dip.),,,"array([-0.71949092, -2.21290258])"
767,675,1,LUSIIDAE1 (Clu. : Dip. ),,,"array([-0.4119717 , -2.51722849])"
768,676,1,Lasioglossum (El.) aff (Hal. : Hym ),,,"array([-0.40843003, -2.83585683])"
769,677,1,Camponotus sp. (For. : Hym. ),,,"array([-0.36137743, -1.97689426])"
770,678,1,Andrena sp. (And. : Hym. ),,,"array([-0.23316587, -2.03744439])"
771,679,1,Ceratina sp. (Ant. : Hym.),,,"array([-0.21459386, -2.64034042])"